PassengerId,Survived
892,<class 'int'>
893,<class 'int'>
894,<class 'int'>
895,<class 'int'>
896,<class 'int'>
897,<class 'int'>
898,<class 'int'>
899,<class 'int'>
900,<class 'int'>
901,<class 'int'>
902,<class 'int'>
903,<class 'int'>
904,<class 'int'>
905,<class 'int'>
906,<class 'int'>
907,<class 'int'>
908,<class 'int'>
909,<class 'int'>
910,<class 'int'>
911,<class 'int'>
912,<class 'int'>
913,<class 'int'>
914,<class 'int'>
915,<class 'int'>
916,<class 'int'>
917,<class 'int'>
918,<class 'int'>
919,<class 'int'>
920,<class 'int'>
921,<class 'int'>
922,<class 'int'>
923,<class 'int'>
924,<class 'int'>
925,<class 'int'>
926,<class 'int'>
927,<class 'int'>
928,<class 'int'>
929,<class 'int'>
930,<class 'int'>
931,<class 'int'>
932,<class 'int'>
933,<class 'int'>
934,<class 'int'>
935,<class 'int'>
936,<class 'int'>
937,<class 'int'>
938,<class 'int'>
939,<class 'int'>
940,<class 'int'>
941,<class 'int'>
942,<class 'int'>
943,<class 'int'>
944,<class 'int'>
945,<class 'int'>
946,<class 'int'>
947,<class 'int'>
948,<class 'int'>
949,<class 'int'>
950,<class 'int'>
951,<class 'int'>
952,<class 'int'>
953,<class 'int'>
954,<class 'int'>
955,<class 'int'>
956,<class 'int'>
957,<class 'int'>
958,<class 'int'>
959,<class 'int'>
960,<class 'int'>
961,<class 'int'>
962,<class 'int'>
963,<class 'int'>
964,<class 'int'>
965,<class 'int'>
966,<class 'int'>
967,<class 'int'>
968,<class 'int'>
969,<class 'int'>
970,<class 'int'>
971,<class 'int'>
972,<class 'int'>
973,<class 'int'>
974,<class 'int'>
975,<class 'int'>
976,<class 'int'>
977,<class 'int'>
978,<class 'int'>
979,<class 'int'>
980,<class 'int'>
981,<class 'int'>
982,<class 'int'>
983,<class 'int'>
984,<class 'int'>
985,<class 'int'>
986,<class 'int'>
987,<class 'int'>
988,<class 'int'>
989,<class 'int'>
990,<class 'int'>
991,<class 'int'>
992,<class 'int'>
993,<class 'int'>
994,<class 'int'>
995,<class 'int'>
996,<class 'int'>
997,<class 'int'>
998,<class 'int'>
999,<class 'int'>
1000,<class 'int'>
1001,<class 'int'>
1002,<class 'int'>
1003,<class 'int'>
1004,<class 'int'>
1005,<class 'int'>
1006,<class 'int'>
1007,<class 'int'>
1008,<class 'int'>
1009,<class 'int'>
1010,<class 'int'>
1011,<class 'int'>
1012,<class 'int'>
1013,<class 'int'>
1014,<class 'int'>
1015,<class 'int'>
1016,<class 'int'>
1017,<class 'int'>
1018,<class 'int'>
1019,<class 'int'>
1020,<class 'int'>
1021,<class 'int'>
1022,<class 'int'>
1023,<class 'int'>
1024,<class 'int'>
1025,<class 'int'>
1026,<class 'int'>
1027,<class 'int'>
1028,<class 'int'>
1029,<class 'int'>
1030,<class 'int'>
1031,<class 'int'>
1032,<class 'int'>
1033,<class 'int'>
1034,<class 'int'>
1035,<class 'int'>
1036,<class 'int'>
1037,<class 'int'>
1038,<class 'int'>
1039,<class 'int'>
1040,<class 'int'>
1041,<class 'int'>
1042,<class 'int'>
1043,<class 'int'>
1044,<class 'int'>
1045,<class 'int'>
1046,<class 'int'>
1047,<class 'int'>
1048,<class 'int'>
1049,<class 'int'>
1050,<class 'int'>
1051,<class 'int'>
1052,<class 'int'>
1053,<class 'int'>
1054,<class 'int'>
1055,<class 'int'>
1056,<class 'int'>
1057,<class 'int'>
1058,<class 'int'>
1059,<class 'int'>
1060,<class 'int'>
1061,<class 'int'>
1062,<class 'int'>
1063,<class 'int'>
1064,<class 'int'>
1065,<class 'int'>
1066,<class 'int'>
1067,<class 'int'>
1068,<class 'int'>
1069,<class 'int'>
1070,<class 'int'>
1071,<class 'int'>
1072,<class 'int'>
1073,<class 'int'>
1074,<class 'int'>
1075,<class 'int'>
1076,<class 'int'>
1077,<class 'int'>
1078,<class 'int'>
1079,<class 'int'>
1080,<class 'int'>
1081,<class 'int'>
1082,<class 'int'>
1083,<class 'int'>
1084,<class 'int'>
1085,<class 'int'>
1086,<class 'int'>
1087,<class 'int'>
1088,<class 'int'>
1089,<class 'int'>
1090,<class 'int'>
1091,<class 'int'>
1092,<class 'int'>
1093,<class 'int'>
1094,<class 'int'>
1095,<class 'int'>
1096,<class 'int'>
1097,<class 'int'>
1098,<class 'int'>
1099,<class 'int'>
1100,<class 'int'>
1101,<class 'int'>
1102,<class 'int'>
1103,<class 'int'>
1104,<class 'int'>
1105,<class 'int'>
1106,<class 'int'>
1107,<class 'int'>
1108,<class 'int'>
1109,<class 'int'>
1110,<class 'int'>
1111,<class 'int'>
1112,<class 'int'>
1113,<class 'int'>
1114,<class 'int'>
1115,<class 'int'>
1116,<class 'int'>
1117,<class 'int'>
1118,<class 'int'>
1119,<class 'int'>
1120,<class 'int'>
1121,<class 'int'>
1122,<class 'int'>
1123,<class 'int'>
1124,<class 'int'>
1125,<class 'int'>
1126,<class 'int'>
1127,<class 'int'>
1128,<class 'int'>
1129,<class 'int'>
1130,<class 'int'>
1131,<class 'int'>
1132,<class 'int'>
1133,<class 'int'>
1134,<class 'int'>
1135,<class 'int'>
1136,<class 'int'>
1137,<class 'int'>
1138,<class 'int'>
1139,<class 'int'>
1140,<class 'int'>
1141,<class 'int'>
1142,<class 'int'>
1143,<class 'int'>
1144,<class 'int'>
1145,<class 'int'>
1146,<class 'int'>
1147,<class 'int'>
1148,<class 'int'>
1149,<class 'int'>
1150,<class 'int'>
1151,<class 'int'>
1152,<class 'int'>
1153,<class 'int'>
1154,<class 'int'>
1155,<class 'int'>
1156,<class 'int'>
1157,<class 'int'>
1158,<class 'int'>
1159,<class 'int'>
1160,<class 'int'>
1161,<class 'int'>
1162,<class 'int'>
1163,<class 'int'>
1164,<class 'int'>
1165,<class 'int'>
1166,<class 'int'>
1167,<class 'int'>
1168,<class 'int'>
1169,<class 'int'>
1170,<class 'int'>
1171,<class 'int'>
1172,<class 'int'>
1173,<class 'int'>
1174,<class 'int'>
1175,<class 'int'>
1176,<class 'int'>
1177,<class 'int'>
1178,<class 'int'>
1179,<class 'int'>
1180,<class 'int'>
1181,<class 'int'>
1182,<class 'int'>
1183,<class 'int'>
1184,<class 'int'>
1185,<class 'int'>
1186,<class 'int'>
1187,<class 'int'>
1188,<class 'int'>
1189,<class 'int'>
1190,<class 'int'>
1191,<class 'int'>
1192,<class 'int'>
1193,<class 'int'>
1194,<class 'int'>
1195,<class 'int'>
1196,<class 'int'>
1197,<class 'int'>
1198,<class 'int'>
1199,<class 'int'>
1200,<class 'int'>
1201,<class 'int'>
1202,<class 'int'>
1203,<class 'int'>
1204,<class 'int'>
1205,<class 'int'>
1206,<class 'int'>
1207,<class 'int'>
1208,<class 'int'>
1209,<class 'int'>
1210,<class 'int'>
1211,<class 'int'>
1212,<class 'int'>
1213,<class 'int'>
1214,<class 'int'>
1215,<class 'int'>
1216,<class 'int'>
1217,<class 'int'>
1218,<class 'int'>
1219,<class 'int'>
1220,<class 'int'>
1221,<class 'int'>
1222,<class 'int'>
1223,<class 'int'>
1224,<class 'int'>
1225,<class 'int'>
1226,<class 'int'>
1227,<class 'int'>
1228,<class 'int'>
1229,<class 'int'>
1230,<class 'int'>
1231,<class 'int'>
1232,<class 'int'>
1233,<class 'int'>
1234,<class 'int'>
1235,<class 'int'>
1236,<class 'int'>
1237,<class 'int'>
1238,<class 'int'>
1239,<class 'int'>
1240,<class 'int'>
1241,<class 'int'>
1242,<class 'int'>
1243,<class 'int'>
1244,<class 'int'>
1245,<class 'int'>
1246,<class 'int'>
1247,<class 'int'>
1248,<class 'int'>
1249,<class 'int'>
1250,<class 'int'>
1251,<class 'int'>
1252,<class 'int'>
1253,<class 'int'>
1254,<class 'int'>
1255,<class 'int'>
1256,<class 'int'>
1257,<class 'int'>
1258,<class 'int'>
1259,<class 'int'>
1260,<class 'int'>
1261,<class 'int'>
1262,<class 'int'>
1263,<class 'int'>
1264,<class 'int'>
1265,<class 'int'>
1266,<class 'int'>
1267,<class 'int'>
1268,<class 'int'>
1269,<class 'int'>
1270,<class 'int'>
1271,<class 'int'>
1272,<class 'int'>
1273,<class 'int'>
1274,<class 'int'>
1275,<class 'int'>
1276,<class 'int'>
1277,<class 'int'>
1278,<class 'int'>
1279,<class 'int'>
1280,<class 'int'>
1281,<class 'int'>
1282,<class 'int'>
1283,<class 'int'>
1284,<class 'int'>
1285,<class 'int'>
1286,<class 'int'>
1287,<class 'int'>
1288,<class 'int'>
1289,<class 'int'>
1290,<class 'int'>
1291,<class 'int'>
1292,<class 'int'>
1293,<class 'int'>
1294,<class 'int'>
1295,<class 'int'>
1296,<class 'int'>
1297,<class 'int'>
1298,<class 'int'>
1299,<class 'int'>
1300,<class 'int'>
1301,<class 'int'>
1302,<class 'int'>
1303,<class 'int'>
1304,<class 'int'>
1305,<class 'int'>
1306,<class 'int'>
1307,<class 'int'>
1308,<class 'int'>
1309,<class 'int'>
